Título,Empresa,Localização,Data de Publicação
Analytics Engineer – People Data,LinkedIn,"Mountain View, CA",2026-02-13
Software Engineer - BE Python,PayPal,"San Jose, CA",2026-02-10
"Python Engineer, Truework",Tessera Data,"San Francisco, CA",2026-02-07
Entry Level Python Developer (Remote),ExecutivePlacements.com,"Indianapolis, IN",2026-02-02
Python Developer,Largeton Group,"Iselin, NJ",2026-02-11
Python Developer (Mid to Sr),"Futrend Technology, Inc.","Bethesda, MD",2026-02-10
Python Developer,Weekday AI (YC W21),"New York, NY",2026-02-12
Junior Data Scientist,Wpromote,United States,2026-02-13
Python Developer,Sciata,"Houston, TX",2026-02-10
Python Developer - AWS /Gen AI,Saransh Inc,"Jersey City, NJ",2026-02-13
"Python Developer, Entry Level",Emonics LLC,"New York, United States",2026-02-11
Python Developer - US,Weekday AI (YC W21),"New York, NY",2026-02-12
Python Developer | Remote,Crossing Hurdles,United States,2026-02-09
Python Developer,Precision Technologies,United States,2026-02-09
Python Developer,Webologix Ltd/ INC,United States,2026-02-10
Investment Banking Analyst / Associate,Hudson Murray,New York City Metropolitan Area,2026-02-12
Junior Python Developer,Codevista Solution,"New York, United States",2026-02-05
Software Developer (Python +AI),Allata,"Dallas, TX",2026-02-12
Software Engineer (Python) | Remote,Crossing Hurdles,United States,2026-02-09
Backend Python Engineer,Alignerr,"San Francisco, CA",2026-02-10
Data Scientist,Samsung Electronics America,"Mountain View, CA",2026-02-13
Python Web Developer,The BayTech Group,United States,2026-02-10
Python Developer - United state,Weekday AI (YC W21),"Washington, DC",2026-02-12
Machine Learning Engineer,Etsy,"Brooklyn, NY",2026-02-14
"Amazon Junior Analyst, Beauty",AS Beauty Group,"New York, NY",2026-02-12
Equity Analyst,Sandhill Investment Management,"Buffalo, NY",2026-02-13
Software Engineer II- Java + Python,Confiz,"San Jose, CA",2026-02-10
Senior Data Scientist,Roku,"New York, NY",2026-02-12
Software Engineer - Python,Tomo,United States,2026-01-30
"Software Engineer - Customer Systems, IS&T Early Career",Apple,"Sunnyvale, CA",2026-02-14
Python Developer,LTIMindtree,New York City Metropolitan Area,2026-02-12
AI Developer,PETADATA,"Albany, NY",2026-02-12
Python Developer,Inceed,"Kansas City, MO",2026-02-09
Data Analyst,"Agile Resources, Inc.","Alpharetta, GA",2026-02-13
Python Developer,Pozent Corporation,"Princeton, NJ",2026-02-11
Senior Python Developer,Constellation Inc,"Washington, DC",2026-02-13
Python Developer - Robotics and Autonomous Systems,Solution Street,"McLean, VA",2026-02-12
Python Developer | Remote,Crossing Hurdles,United States,2026-02-12
Python Developer,BeaconFire Inc.,"Georgia, United States",2026-02-13
Python Developer,Goliath Partners,New York City Metropolitan Area,2026-02-13
Data Scientist | $90 Remote,Crossing Hurdles,United States,2026-02-13
Python Developer,BeaconFire Inc.,"California, United States",2026-02-13
Python Developer,LTIMindtree,"Irving, TX",2026-02-13
Investment Banking Analyst | Remote,Crossing Hurdles,United States,2026-02-13
Python Software Engineer (Remote),Lensa,United States,2026-02-14
Python Developer | Remote,Crossing Hurdles,United States,2026-02-06
Python Developer,BeaconFire Inc.,"New York, United States",2026-02-13
"Analyst, Revenue Forecasting",Airbnb,United States,2026-02-14
"Junior Software Engineer, Database System",CelerData,"Menlo Park, CA",2026-02-12
Python Developer,Bright Vision Technologies,"Dallas, TX",2026-02-07
Data Analyst I,Honeywell,"Phoenix, AZ",2026-02-14
Jr Data Engineer,Halvik,"Washington, DC",2026-02-13
Investment Analyst,Denali Growth Partners,"Boston, MA",2026-02-13
Software Engineering R&D - Internship,Saviynt,"Milpitas, CA",2026-02-12
Python Developer,Bright Vision Technologies,"Miami, FL",2026-02-08
Python Developer | Remote,Crossing Hurdles,United States,2026-02-06
Junior Data Analyst,Tech Consulting,"Connecticut, United States",2026-02-13
Python/JavaScript Full Stack Developer,AVB Inc.,"Dallas, TX",2025-12-16
Python Developer,Empat,"San Francisco, CA",2026-02-11
Python Developer,Bright Vision Technologies,"Denver, CO",2026-02-08
